,cases,R_mean,R_var,Q0.025,Q0.5,Q0.975
2020-03-13,9.0,1.9643990871568213,0.030933282408775527,1.6341542770947943,1.9590490241218288,2.3263381879453937
2020-03-14,36.0,1.7386370420290436,0.022036018283582044,1.4624179058530473,1.7346490327927384,2.040609836651429
2020-03-15,22.0,1.6204934354890037,0.01743870220194576,1.3741251132464405,1.6170638751075757,1.8918087686335154
2020-03-16,2.0,1.5891060157993895,0.014782648076175662,1.360607681718479,1.5858108821283434,1.8344116376126733
2020-03-17,38.0,1.6330508330477231,0.01333634321021137,1.4142542907921791,1.6304337598663188,1.8648317469020044
2020-03-18,11.0,1.720338074800821,0.012561028010248696,1.5122090209330379,1.7180486671688548,1.9434364535493103
2020-03-19,13.0,1.8455458876709576,0.011992456970836493,1.6419381119974379,1.843444724908231,2.066238050853653
2020-03-20,12.0,1.9779800471577786,0.011146388993953031,1.775302166431304,1.9760676600837883,2.1898362593968246
2020-03-21,55.0,2.065866103711259,0.009911967762361494,1.8727372174718457,2.064215356345268,2.266687913131083
2020-03-22,55.0,2.0724925845221254,0.00829210204797775,1.8978962280762164,2.0711339671654123,2.252095796993957
2020-03-23,65.0,1.9792592158157498,0.00657490858039622,1.8229573680286668,1.978142723217676,2.1415049587124244
2020-03-24,68.0,1.81344366288387,0.0049949818708280025,1.6767857685774958,1.812509080570654,1.955435753264605
2020-03-25,63.0,1.6161856492920643,0.0037216565328757785,1.499209051893362,1.6154280141773687,1.7381340493496942
2020-03-26,47.0,1.4242579797631283,0.002809635117569111,1.3229959554603292,1.4236002929149612,1.5299658278041663
2020-03-27,77.0,1.259125701388867,0.002184987930192138,1.1693552087772794,1.2585498107189936,1.352079570375356
2020-03-28,186.0,1.121647206285092,0.0017769940031268539,1.0405794361958964,1.1211154223340265,1.2056159733508678
2020-03-29,256.0,1.0126108341937372,0.0015106205115360215,0.9379938587492596,1.0121160598360261,1.089990130929384
2020-03-30,69.0,0.9236347166899768,0.001333657749727375,0.8535927932045805,0.9231611277501318,0.9964537564801272
2020-03-31,403.0,0.8537286750562739,0.0012234729589935458,0.7865639971420052,0.8532513729863183,0.9236057637763254
2020-04-01,157.0,0.7984075658138237,0.0011556332289823666,0.732862101597147,0.7979206064202423,0.8662373254040008
2020-04-02,233.0,0.7561544009088184,0.001130007664258795,0.6920130086955347,0.7556596845916792,0.8230406031776659
2020-04-03,287.0,0.7292783946739965,0.0011514266346990608,0.6640314186280147,0.7287480574878169,0.7972271360869259
2020-04-04,49.0,0.7213392662254436,0.00121861197113494,0.6542654683226621,0.7207700744556464,0.7915490232508104
2020-04-05,104.0,0.7302142707373831,0.0013300824422916115,0.6610598224062507,0.7296033609527167,0.8034548689611052
2020-04-06,307.0,0.7564802685415358,0.0014943561075001326,0.6833190051739553,0.7558311268286819,0.8347616279320346
2020-04-07,58.0,0.7962808241882298,0.001690452197924364,0.7165953047337268,0.7955566579541843,0.8794436969809932
2020-04-08,74.0,0.8438346471761398,0.0019294014187562145,0.7604283904161686,0.8430818708572995,0.9314467501186874
2020-04-09,155.0,0.8885568551248728,0.0021737905499304676,0.8002178175599568,0.8877380907797205,0.9820868339454227
2020-04-10,70.0,0.9273817788995102,0.002385889350395607,0.8344123660874236,0.926518784521146,1.025300971394417
2020-04-11,158.0,0.957052912813173,0.002548290144543013,0.8601498969691532,0.9561575197278112,1.0586675195394935
2020-04-12,146.0,0.9711992098332102,0.0026260806238095134,0.8732408683702821,0.9702889038174254,1.074709983782347
2020-04-13,192.0,0.9731272279803387,0.0026536185745723523,0.8742183492933591,0.9721857433044439,1.0766372483427733
2020-04-14,193.0,0.9634108837439054,0.0026546692156069517,0.8646730447781974,0.9624995826806344,1.066251218890597
2020-04-15,174.0,0.9454562369204549,0.002632865596621928,0.8466875101012801,0.9445245319251376,1.0486070924670117
2020-04-16,112.0,0.9250596565788766,0.002595587459258984,0.8279101160527244,0.9240985064248058,1.0283425176108123
2020-04-17,137.0,0.9116848769340532,0.002588888031219978,0.8138291467226191,0.9107762325969759,1.014288454263168
2020-04-18,140.0,0.9126113702569563,0.0026448582094229455,0.8140910191007491,0.9116352863069215,1.0150590027547106
2020-04-19,119.0,0.9297477314511028,0.0027631017104014083,0.8294976497188324,0.9287378304749653,1.03611341188754
2020-04-20,134.0,0.9640529808301568,0.0029411967154226214,0.8595710095832735,0.9630069381724724,1.073647724988662
2020-04-21,73.0,1.0060747648175221,0.0031383571928098,0.8983245139158242,1.0050299311014068,1.119741268015312
2020-04-22,71.0,1.0460103527500468,0.003306976007223619,0.9376814118124137,1.0449987481228153,1.1610674249765567
2020-04-23,98.0,1.0744292935584447,0.0033998373682452834,0.9635006743825475,1.0733796391092287,1.191585117452788
2020-04-24,149.0,1.0965871747833327,0.003476323570993668,0.9852748064939828,1.0954912227816154,1.2155657633092518
2020-04-25,51.0,1.1150566164400206,0.0034841914758743475,1.003173473094615,1.1140623450974072,1.23354877845577
2020-04-26,153.0,1.1294085003443368,0.003443797442554992,1.0185818559402997,1.1284190602782234,1.2464956682727064
2020-04-27,122.0,1.1302221364719622,0.003350394042637387,1.0194192162840445,1.1292221360474821,1.2467411857874298
2020-04-28,123.0,1.1133942173858034,0.003198481920262188,1.0058337012276986,1.112446575184559,1.2262217383722627
2020-04-29,191.0,1.077562073143316,0.003005599861107068,0.973241247326275,1.0766289559845303,1.1883273477400862
2020-04-30,149.0,1.0394067737822834,0.0028147652716655476,0.9376135698235677,1.0385315313605448,1.1465699891351153
2020-05-01,124.0,1.0054291731211937,0.002667920940175655,0.9064316601420088,1.0045363344465867,1.108639719631658
2020-05-02,49.0,0.9821081829180749,0.002574103606377258,0.8851989036394301,0.9812514030395421,1.0846347527063909
2020-05-03,121.0,0.9811100385671195,0.002564765700590869,0.8827581645150049,0.980199458539807,1.0846555093173738
2020-05-04,121.0,0.9957347255598161,0.0026226667974540937,0.8975956856570416,0.9948584019508095,1.0984886283995907
2020-05-05,170.0,1.02171431948336,0.0027019175203958743,0.923246440554653,1.0208562559385177,1.1263174025504141
2020-05-06,171.0,1.046641284134037,0.0027712252398827725,0.9469887401264194,1.0457575460896766,1.152871244365532
2020-05-07,93.0,1.0666500347304755,0.002817048065996494,0.9638638300370457,1.065772176242021,1.1730674229878963
2020-05-08,74.0,1.075464838521577,0.0028245549024964265,0.9735453505423048,1.0745996751497797,1.1814598240867922
2020-05-09,101.0,1.0751560324142737,0.002792466275859183,0.9740736267671136,1.0742905413950972,1.1815989221996754
2020-05-10,85.0,1.0746906521617525,0.0027361651069591477,0.9734378810998586,1.0738172390106078,1.1808784647977504
2020-05-11,169.0,1.071565539957754,0.0026845627637705075,0.9718883632932358,1.0707125338094916,1.1766095756578148
2020-05-12,154.0,1.0726035235572162,0.0026400629385009353,0.9749543626222863,1.0717811048398673,1.175749503153661
2020-05-13,147.0,1.073709958130547,0.0026071913128729598,0.9764269039019879,1.0729056971613147,1.1758794346572863
2020-05-14,173.0,1.079092672957564,0.0025854052398953664,0.9819435820657352,1.0782978341032265,1.1805723336072267
2020-05-15,119.0,1.0914074363930633,0.0025766795582268113,0.9949590251063081,1.0906335566631202,1.1925977347221335
2020-05-16,122.0,1.1207199212503163,0.0025938678303102478,1.0232227290635991,1.1199558710327293,1.2231046928047613
2020-05-17,151.0,1.1785396279000002,0.0026596162814696445,1.0790953069362343,1.1777762779020944,1.2826218849861655
2020-05-18,117.0,1.266630122001398,0.0027792587162873143,1.1647184197601765,1.2658930729033784,1.37289139907324
2020-05-19,161.0,1.3732335140520489,0.002915089342102153,1.2688339533165147,1.3725349132475277,1.4801996457911994
2020-05-20,149.0,1.469678859505279,0.0029499236911727815,1.3650184377062422,1.4690209973614081,1.5780419990421937
2020-05-21,93.0,1.5148581054604855,0.0028211557723434506,1.4125324112858955,1.5142388571409318,1.6208913807679903
2020-05-22,91.0,1.5006966740426848,0.002546796792339702,1.4040718800506435,1.5001419302536263,1.6008968765023859
2020-05-23,110.0,1.4330911794796029,0.002176271952185854,1.343091493178599,1.4325852646128028,1.5256091562783314
2020-05-24,186.0,1.3281448237575924,0.0018132030976881208,1.2458107561837122,1.3276866448845048,1.412831037762889
2020-05-25,161.0,1.2193088926600804,0.0015176905653041153,1.1441878836406416,1.2188893637370757,1.2970505386824902
2020-05-26,243.0,1.1188166623194218,0.0012903304438760723,1.049350218949254,1.118430434891739,1.190657963825012
2020-05-27,256.0,1.033123743095055,0.0011310203249878755,0.9684060034195293,1.032756976284904,1.0999646952295803
2020-05-28,324.0,0.9594695855172921,0.001021124865805508,0.8976342337941332,0.9591080283897406,1.0232866657129898
2020-05-29,584.0,0.9004003285126496,0.0009473786610657193,0.8411442673976746,0.9000507852489166,0.9616142484320007
2020-05-30,383.0,0.8503120960046666,0.0009004268396049472,0.7921823319322994,0.8499594239869592,0.9104140482263433
2020-05-31,274.0,0.8084419226658776,0.0008750649197842709,0.7515867184229333,0.8080853353932821,0.8674727384229799
2020-06-01,213.0,0.78047574454262,0.0008761896808196835,0.7236648788665967,0.7801037353532935,0.839631528865551
2020-06-02,163.0,0.7672676245073942,0.0009069717768907595,0.7094759894082345,0.7668704186327948,0.8267470227526179
2020-06-03,257.0,0.7764741255277996,0.0009728927847217643,0.7162384887228899,0.7760571183890737,0.8385709304615508
2020-06-04,265.0,0.811737549977305,0.0010834808042385214,0.7480115868884687,0.8112937012267651,0.8776988914448458
2020-06-05,48.0,0.8657990606223472,0.0012324081250970655,0.7986050264997254,0.8653264686649307,0.9357985405751132
2020-06-06,290.0,0.9319004880153123,0.0013983394879342795,0.8596939720774928,0.9313958871870551,1.0067789323964136
2020-06-07,172.0,0.9968029184504777,0.0015631577719187122,0.9208839622476569,0.996276176007051,1.0768728244611026
2020-06-08,255.0,1.052455292192987,0.0016861565375303547,0.9729488058461739,1.0519157243397381,1.1347379317372173
2020-06-09,222.0,1.0917930336461432,0.0017591776083145673,1.0111097391965076,1.091255752608947,1.1755593383419185
2020-06-10,240.0,1.1178616611597205,0.0017896042408772407,1.0369642536764592,1.117334551244066,1.201695987681309
2020-06-11,182.0,1.1350308476055637,0.0017779598938620481,1.053765369639299,1.1345044957130126,1.2194953350926614
2020-06-12,290.0,1.149519256037618,0.0017458613154044712,1.0694501261959797,1.1490161093079498,1.2325646738737341
2020-06-13,287.0,1.1626048814376195,0.0017104974346203255,1.0823758113169797,1.1620978468049334,1.245691087694829
2020-06-14,262.0,1.1795002594970765,0.0016765102727765995,1.1007520310081542,1.1790199678695163,1.2608884785225132
2020-06-15,217.0,1.198736803723893,0.0016425432022052072,1.120183147037317,1.1982816898868855,1.2790888521626886
2020-06-16,191.0,1.219305490948263,0.0016038329656794035,1.1420046788052174,1.218866351576962,1.2988855648049222
2020-06-17,197.0,1.2385837546730114,0.0015580152586870915,1.1620780859936146,1.2381603166680577,1.3173272756312393
2020-06-18,192.0,1.2560418260270754,0.0015070798899968964,1.181418273462807,1.2556395983902942,1.3330746409811216
2020-06-19,287.0,1.269877749155191,0.0014496202591905095,1.1964837192322646,1.2694982765240006,1.345257118221358
2020-06-20,301.0,1.2733168256922425,0.0013768514861286977,1.2020709644606202,1.2729551860134771,1.347054851954941
2020-06-21,269.0,1.2682888188666868,0.0012898808654246076,1.198837588126112,1.2679495531304719,1.3394589296443793
2020-06-22,181.0,1.2565940064764143,0.0012028586876055832,1.189347277747468,1.2562786824704772,1.325622400152572
2020-06-23,476.0,1.2547103500851033,0.0011278537664251224,1.1896357541980775,1.2544096003621372,1.3214475775006753
2020-06-24,247.0,1.2705903334414328,0.0010780552600896899,1.2069086543226353,1.2703062658794393,1.335889279714791
2020-06-25,468.0,1.3139187707161775,0.0010513768541438183,1.251407997408881,1.3136529281368943,1.3781169378447151
2020-06-26,391.0,1.3756087582399346,0.0010379974488211748,1.3134562472655924,1.37535948013568,1.4391778864129519
2020-06-27,323.0,1.4358567351572407,0.00101588367024179,1.3740879179735683,1.435615785723008,1.499682684612395
2020-06-28,366.0,1.4763245518720534,0.0009633593449798797,1.4163150825944846,1.4761085277629964,1.5379579435840558
2020-06-29,549.0,1.476436162147258,0.0008795241845348751,1.4191558750981033,1.4762402594587625,1.5347409337783535
2020-06-30,347.0,1.437883978317383,0.0007760296136997559,1.3835851281831002,1.4377028970582568,1.4931738412332316
2020-07-01,349.0,1.375003095046937,0.0006714883302869645,1.3242467101945905,1.3748385301449353,1.4261947902699994
2020-07-02,123.0,1.3018876673174895,0.0005775049364351898,1.2551064236859713,1.3017410279206838,1.3492085326521317
2020-07-03,666.0,1.2281383708951203,0.0005015741972291144,1.1846867793624816,1.2280027146341337,1.2723409526055551
2020-07-04,635.0,1.1609387788626293,0.0004432938969220584,1.1201972379287388,1.1608126677582753,1.2023804208590176
2020-07-05,1174.0,1.1106626009276424,0.00040176142980912226,1.0715730407860005,1.1105411005221606,1.1504177530882838
2020-07-06,1014.0,1.0780455171972096,0.00037467326332393585,1.040386698687817,1.0779293491608446,1.1162568519905731
2020-07-07,866.0,1.0601258199437074,0.00035766927674478325,1.0235156170977615,1.0600142002962158,1.0973703455205128
2020-07-08,1352.0,1.0537267188827326,0.00034818765127368035,1.0174805935785773,1.053616652162938,1.0905983418126466
2020-07-09,625.0,1.0557369720406262,0.00034417156916088227,1.0196158322929159,1.0556278809147681,1.0924080283602886
2020-07-10,688.0,1.062063810152217,0.0003418295952839137,1.0258904794706543,1.0619543674264713,1.0988958258568642
2020-07-11,779.0,1.0699466957334507,0.0003400850317695262,1.034153825963081,1.069841111257141,1.1063372788189634
2020-07-12,1127.0,1.077280928241429,0.0003374414389137133,1.0414120106194855,1.0771755389565794,1.1137180722500064
2020-07-13,523.0,1.0842875342037508,0.00033445508997641976,1.0488268551552362,1.0841847417070034,1.1204086066167847
2020-07-14,346.0,1.0893473440373964,0.00033062318163975873,1.0542705034893167,1.0892477450511011,1.1250188428095989
2020-07-15,603.0,1.095478561336034,0.00032624796981098694,1.0603081164260921,1.0953788110033131,1.1312482672573698
2020-07-16,1641.0,1.0973800100706739,0.0003198125887542922,1.0626139546097768,1.097282907714083,1.1327264525178342
2020-07-17,968.0,1.0930976655722997,0.00031117299557109634,1.0587673338884984,1.0930030497670034,1.1278897914811252
2020-07-18,1582.0,1.0828104917887853,0.00030098962448846364,1.048994874479364,1.0827172578994095,1.117305293472512
2020-07-19,1470.0,1.0698570021093758,0.0002910195098045102,1.0365146750562682,1.0697654141848558,1.1035118211658856
2020-07-20,1155.0,1.0654167899469034,0.00028378082819911375,1.0326315088697973,1.0653278902737302,1.098792947495586
2020-07-21,1332.0,1.0781753602055582,0.0002820526179804634,1.0455603019805058,1.078088444770543,1.111284350179485
2020-07-22,754.0,1.1137468277866942,0.00028719340831825116,1.080731305965375,1.1136606364464186,1.1472521664586477
2020-07-23,1282.0,1.1722262327592472,0.00029694234778286725,1.1386881065383663,1.1721416261963284,1.2061953305869118
2020-07-24,1144.0,1.242812368196176,0.00030659695650310395,1.2086758823899486,1.2427298843796275,1.2774176015587868
2020-07-25,990.0,1.3098786570124075,0.0003108208221960715,1.2755254632158635,1.3097997668872006,1.3446350199124733
2020-07-26,1138.0,1.3554336098514304,0.0003057405063245595,1.3214257289221272,1.3553586871220467,1.389856278546194
2020-07-27,1032.0,1.3713599836198906,0.0002896447003542034,1.3383313217969997,1.371290123126247,1.4049047646332367
2020-07-28,783.0,1.3601495476926329,0.00026613650683296366,1.3283680488531306,1.360084354853761,1.3923015313928446
2020-07-29,793.0,1.3303919445151475,0.0002402184574124171,1.3001395544241663,1.330331571718392,1.3609874276474394
2020-07-30,1862.0,1.2934640348859126,0.0002156386684421278,1.2648406515154043,1.2934085887035445,1.3223698669652721
2020-07-31,2258.0,1.2528723070409225,0.00019421446329280544,1.2257566606694041,1.2528208321229712,1.2802804806759802
2020-08-01,2603.0,1.2100852422351878,0.00017550376268245758,1.184242795071218,1.2100368411788205,1.236202748199021
2020-08-02,2656.0,1.1635380182389754,0.00015925365582821087,1.1389442313235536,1.163492009379917,1.1884728565888367
2020-08-03,1532.0,1.115985025698691,0.0001452341441390724,1.0924184857600718,1.1159413859115104,1.1397523164587242
2020-08-04,2957.0,1.0683206377351047,0.00013372223675760676,1.0457217128660847,1.0682787169296335,1.091157794734574
2020-08-05,2359.0,1.0256460910720757,0.00012471609494179512,1.0038743564730237,1.0256055229496168,1.0476589833799705
2020-08-06,1994.0,0.9908439813262067,0.0001182132530754327,0.9696121757128771,0.9908040783491124,1.0123030910785644
2020-08-07,1802.0,0.9663173702564307,0.00011428172732732063,0.9455057404328663,0.9662780577434971,0.9873770239391442
2020-08-08,2685.0,0.9530468971617887,0.0001128292562475122,0.9323534251301959,0.9530074850153578,0.9739579336940001
2020-08-09,1650.0,0.9492610270758255,0.00011313607333613145,0.9285213715579879,0.9492212783057141,0.9702265712218583
2020-08-10,4150.0,0.9515297808814995,0.00011479270211662041,0.9306956735766286,0.9514897639215596,0.9725931725931813
2020-08-11,1451.0,0.9554649620941693,0.00011666631436577221,0.9344313576638197,0.9554242701752749,0.9767504515656605
2020-08-12,2519.0,0.9539804148630904,0.0001179752250902102,0.9328622253152243,0.9539393990275573,0.9753646240603022
2020-08-13,2387.0,0.9445452408283034,0.00011820295244592617,0.9233834344085605,0.944503509703879,0.9659602920397812
2020-08-14,3779.0,0.927405473856985,0.00011746971517349894,0.9062915349307986,0.9273630658049362,0.9487749977524229
2020-08-15,2413.0,0.9064305829993462,0.0001163012735615619,0.8853549473391751,0.9063875660320065,0.92771740844981
2020-08-16,2016.0,0.8865576420968242,0.00011573065487629373,0.8656145891872922,0.8865142040003113,0.9077956121108244
2020-08-17,1890.0,0.8711626092177019,0.00011634464985452322,0.8501112929530312,0.8711179334863708,0.8924678134903414
2020-08-18,2907.0,0.8605042790841875,0.00011823700407772789,0.839322193182827,0.8604585891289604,0.8819598773267693
2020-08-19,2995.0,0.8552113609876268,0.00012157549131140709,0.833777101710129,0.8551641598465659,0.8769138599009161
2020-08-20,2520.0,0.8543322544964418,0.0001258975257903922,0.8325002005611655,0.8542832225485077,0.8764429523471624
2020-08-21,2662.0,0.8535060417496585,0.00013067810688202402,0.8313105890815342,0.8534553033624384,0.8760268099965636
2020-08-22,2778.0,0.8494060391072804,0.00013517932382113587,0.82671308389205,0.8493524976821989,0.8724513377000924
2020-08-23,1001.0,0.8396752690684066,0.00013907601471636644,0.816796494141025,0.8396204343598653,0.8629462794537308
2020-08-24,2469.0,0.8274952464739171,0.00014263923851186902,0.8042582219824546,0.8274380643894858,0.8510090560747245
2020-08-25,1565.0,0.8172519900964996,0.00014672140210918692,0.7936237040960574,0.8171922554051276,0.8411405551369117
2020-08-26,3080.0,0.8111708760600731,0.000152345884794874,0.787219805935046,0.8111080755681483,0.8355784543502122
2020-08-27,1559.0,0.8107963280096634,0.00015986798050366113,0.7861461007906763,0.8107300537915034,0.8358692256794203
2020-08-28,2070.0,0.8153991932520301,0.0001692703114038906,0.7900844541814991,0.8153299270202212,0.8410632574438768
2020-08-29,1979.0,0.8248197934681947,0.00018050986948152747,0.7987778984375031,0.8247473144715209,0.8513062200773831
2020-08-30,2179.0,0.8429200607896459,0.00019389138870848894,0.8157699503885707,0.8428429219356843,0.8706618952469503
2020-08-31,1873.0,0.8707325188699813,0.00021005864773099596,0.8426104268325616,0.8706521569007752,0.8993575917872061
2020-09-01,1800.0,0.9131728335374085,0.0002301618217435199,0.8838153539147768,0.9130886195058223,0.9431325218714669
2020-09-02,1137.0,0.9706520946475559,0.0002533560695340008,0.9397203291723772,0.970565188872635,1.002051173996277
2020-09-03,780.0,1.0375825961721281,0.0002778839086104613,1.0051927835762937,1.0374938256590784,1.070495869057717
2020-09-04,1769.0,1.1067566378088731,0.0002995803822972102,1.0731350617483784,1.1066660328450162,1.1410976008623446
2020-09-05,1136.0,1.1659935180881922,0.0003138176923565879,1.131549914483634,1.1659042779687805,1.2009203191226758
2020-09-06,1133.0,1.2029354370286898,0.00031685126869215657,1.1683411191299111,1.2028478605532376,1.2379843469521075
2020-09-07,506.0,1.2130572166181048,0.00030786589167721936,1.1788205766085267,1.2129721806308233,1.2477771078552538
2020-09-08,1415.0,1.194965524311978,0.00028977242330096686,1.1619075694072327,1.1948850651271785,1.2284807209698894
2020-09-09,1467.0,1.1537857506211213,0.0002664691835762232,1.1221715317942254,1.153709549554435,1.1858330127495718
2020-09-10,2132.0,1.0967889868257688,0.00024178939012961488,1.0665046300929846,1.096715193774787,1.127599852025186
2020-09-11,1797.0,1.0307631456048347,0.00021888488260587651,1.0018878129124404,1.0306920603781946,1.0600234117085305
2020-09-12,2611.0,0.9596748350081417,0.00019825155498337537,0.9322391920885371,0.9596057969876957,0.9875028142416971
2020-09-13,1471.0,0.8870851988808328,0.00018119673931782512,0.8607995089346188,0.8870163909994857,0.9138026058056272
2020-09-14,2492.0,0.8182072678210559,0.00016842196164545915,0.7930001748780842,0.818138914684803,0.8437863171303834
2020-09-15,1733.0,0.7597437298278589,0.00016038763402715771,0.7351774925856149,0.7596736317042797,0.7847179913176232
2020-09-16,1603.0,0.7173685788010209,0.00015832430280258818,0.6929320989819093,0.7172951067602356,0.7422589933404737
2020-09-17,1252.0,0.693342247538544,0.00016275446919981407,0.6684854566495877,0.6932635200249582,0.7186464384766007
2020-09-18,1322.0,0.6883229303440361,0.00017456964227984052,0.6627543907142477,0.6882389673775164,0.7143725334852339
2020-09-19,1455.0,0.7006414217517156,0.00019382410419655107,0.6735796842738029,0.700548920156401,0.7282147314590625
2020-09-20,1309.0,0.7279450441551457,0.00022049942081762394,0.6991173196463705,0.7278440697068029,0.7573691707570904
2020-09-21,1234.0,0.7679624748232132,0.00025382674237953823,0.737093199656712,0.7678526104088358,0.7995603540627634
2020-09-22,554.0,0.8176903718062832,0.0002927353304480908,0.7844509057046624,0.8175713897907606,0.8516130431857432
2020-09-23,1175.0,0.8723733486699132,0.00033459178190037097,0.8369356904760155,0.8722455750130842,0.9085770211173301
2020-09-24,769.0,0.9280519453589751,0.0003753189684938434,0.8904912253939661,0.927917210095746,0.9663946234160294
2020-09-25,1053.0,0.9784775028000859,0.00041058595803085364,0.9390981364329147,0.978335740372887,1.0188033681430009
2020-09-26,1099.0,1.0184700300731815,0.0004372343444355212,0.9778280596007676,1.018328550269782,1.0598434773264818
2020-09-27,1034.0,1.044913382330848,0.0004531433656357416,1.003609452625177,1.0447688721809558,1.0871062298968894
2020-09-28,1136.0,1.0551648372541207,0.00045675692197467434,1.0136446777790924,1.0550202302474556,1.0974626950177646
2020-09-29,592.0,1.0527561268908487,0.0004505216191764323,1.0117404259929152,1.052613383770157,1.0947487200907098
2020-09-30,856.0,1.0407864887088605,0.0004392772892706223,1.0001264054122403,1.0406459265070103,1.0824339587604475
2020-10-01,905.0,1.0259204305159124,0.00042725889389574044,0.9858378323897226,1.0257818530246308,1.0668058886052512
2020-10-02,1058.0,1.0124777050714362,0.0004172850245335097,0.9728800887357258,1.0123406624493463,1.0528541193438463
2020-10-03,1034.0,0.9989150141950234,0.00040887569716832996,0.9598111039252039,0.9987797736322339,1.038801041074905
2020-10-04,1235.0,0.9816771179047381,0.00040056249466723873,0.9429732995714974,0.9815427220157842,1.0210507578893075
2020-10-05,796.0,0.9592914982506857,0.00039182834379931973,0.9208469767682435,0.9591547633036235,0.9983737210621344
2020-10-06,532.0,0.9355201847236876,0.0003832720698554715,0.897416091820661,0.9353849945624148,0.9740802045880301
2020-10-07,1001.0,0.9137198538448759,0.00037767731530224946,0.8760254744904119,0.9135818245404526,0.952135410095207
2020-10-08,845.0,0.8956477097958023,0.0003756337072526257,0.8580840813639472,0.8955058692228641,0.9343419783810829
2020-10-09,1076.0,0.8837615051924168,0.0003781637739458242,0.8461935788618579,0.8836213732105558,0.9222727955407286
2020-10-10,638.0,0.8733629533087983,0.0003841642493929708,0.8357002982611372,0.8732191165246921,0.9118323113229374
2020-10-11,770.0,0.8609282491987551,0.00039002450483151263,0.8231875516752305,0.860781487212781,0.8997254877213734
2020-10-12,1323.0,0.8447236210827666,0.0003960906877542139,0.8064151009207305,0.8445669451456315,0.8842215748891464
2020-10-13,578.0,0.8273131927648422,0.0004023313326511365,0.78838756550486,0.8271536361266916,0.8670684153860678
2020-10-14,617.0,0.8116320412320346,0.00041069030501324894,0.7723664650623473,0.8114631363694609,0.8518880980228714
2020-10-15,562.0,0.8016449488696551,0.0004242534503705783,0.7617320172081425,0.8014667272990472,0.8423227549509419
2020-10-16,949.0,0.7990878190785435,0.0004439840193143941,0.7583239088458078,0.7989044880807188,0.8410688107326557
2020-10-17,731.0,0.8053850140525656,0.00047208971183749593,0.7632229682077554,0.8051899499797517,0.8486721286275412
2020-10-18,802.0,0.818314518878398,0.0005073684880381931,0.7747276751538942,0.8181066876758114,0.8631744360786446
2020-10-19,773.0,0.8380167964463204,0.0005473153419836506,0.7926375993492241,0.8377989847616498,0.8843447080425786
2020-10-20,398.0,0.8622403912747852,0.0005912808947432025,0.8149895703416917,0.8620091222204949,0.9106203233521206
2020-10-21,369.0,0.8880913111879093,0.0006377260200936706,0.8391656007983939,0.887850035184573,0.9385136471737116
2020-10-22,491.0,0.9203052304110795,0.000688589291965826,0.8699655387622314,0.9200614676637611,0.9719474145855991
2020-10-23,494.0,0.9576133888005374,0.0007403983805052629,0.9046351688450616,0.9573561059433152,1.0116664831212998
2020-10-24,555.0,0.9962939455945865,0.000789825609138429,0.9418021732066983,0.9960275691756633,1.0523407699915541
2020-10-25,560.0,1.033542746906392,0.0008284222890745696,0.9779201293411173,1.0332772658467189,1.0906886804693414
2020-10-26,385.0,1.0589523337736813,0.000851954592509972,1.002766166408307,1.0586858754956208,1.1169303758756475
2020-10-27,355.0,1.0743949001399558,0.0008585208871525644,1.0177537067264297,1.0741249066052148,1.132851391988851
2020-10-28,561.0,1.0795583115029683,0.0008508169840981466,1.0232658180860368,1.0792968155007832,1.1373368515096534
2020-10-29,496.0,1.0783664943461,0.0008348271307657726,1.0224384770457693,1.078104956773055,1.1360403080719759
2020-10-30,548.0,1.068907330905397,0.0008121735153710267,1.0139832540885374,1.0686544805280893,1.125389693017155
2020-10-31,473.0,1.052592876177953,0.000783818985224929,0.99827440309302,1.052343218932159,1.10812853328248
2020-11-01,596.0,1.025484449699587,0.0007512071595328178,0.9722541732890433,1.0252352246701957,1.0804597158244056
2020-11-02,630.0,0.9895481781997334,0.0007177870859146908,0.9380037100653829,0.9893072999561906,1.0426407437694898
2020-11-03,408.0,0.9476889464178462,0.0006827141896445907,0.8971573371789131,0.9474478200776891,0.9996890762660264
2020-11-04,214.0,0.9110763004323073,0.0006561083841837721,0.8617079899084035,0.9108399992224268,0.9616289365771531
2020-11-05,565.0,0.8833584572198043,0.0006423396284375388,0.83444084236698,0.8831169649606494,0.9337689330411738
2020-11-06,529.0,0.8654128875173824,0.0006413816668798025,0.8163790874533501,0.8651641768332642,0.9156627394240199
2020-11-07,552.0,0.8567788879895921,0.0006544169431690691,0.8078494925133299,0.8565227089059757,0.9076401212895142
2020-11-08,661.0,0.8542556222395074,0.0006742347554349181,0.8038761532668308,0.8539877985634106,0.9060808224812655
2020-11-09,477.0,0.8526106150323571,0.0006999011447846846,0.8014995747838731,0.8523376003084198,0.9055570703391507
2020-11-10,359.0,0.8537524431824859,0.0007289784611251406,0.8016276480087391,0.8534704420384103,0.90722448627169
2020-11-11,392.0,0.859924996268167,0.0007637872445623477,0.8069876757529693,0.8596344774686364,0.9146186708390025
2020-11-12,313.0,0.8748211949871008,0.0008086861834615592,0.8200241353604384,0.8745153329325476,0.9313849857526576
2020-11-13,387.0,0.9040248010093268,0.0008693774122916914,0.8471525859585279,0.9037038772044481,0.9627556604755048
2020-11-14,341.0,0.9442579435496228,0.0009393193537541556,0.8850182988018575,0.9439212652601272,1.005344090487117
2020-11-15,431.0,0.9905319496351731,0.0010145837526501986,0.9290212103796286,0.9901897630438834,1.0538300803365979
2020-11-16,348.0,1.035430253131784,0.0010812485112040233,0.9719387988947477,1.0350749757517574,1.1013275462751335
2020-11-17,231.0,1.0756537630318672,0.0011283636213234457,1.0109760517946493,1.0753087871873843,1.1423733071407023
2020-11-18,344.0,1.1100191916817232,0.0011583014696785227,1.0440125844072454,1.1096710576222684,1.1780845739360524
2020-11-19,307.0,1.1359526957874504,0.001165716339116823,1.0700024452322425,1.1356105478351988,1.2037780006125058
2020-11-20,358.0,1.1522076191424633,0.0011514220362654976,1.0868535055983282,1.1518774221674963,1.2193565694811723
2020-11-21,331.0,1.1510355074450311,0.0011168131688255,1.0866519179417162,1.1507111138297983,1.217426194267921
2020-11-22,509.0,1.1336993393540875,0.0010624198389840459,1.0706585291450694,1.133391994571876,1.1986872498029348
2020-11-23,460.0,1.1007193786516893,0.000997359179766821,1.0396193152129847,1.1004171682787294,1.1634893250098666
2020-11-24,270.0,1.0583992977677554,0.0009295947485959645,0.9996076836230361,1.0581078536057973,1.1189370713010764
2020-11-25,312.0,1.0186189877221539,0.000872614329707853,0.9615658680762355,1.0183351467002018,1.0772425880676
2020-11-26,318.0,0.9882432499735379,0.0008328387039539233,0.932862637991311,0.9879667800494736,1.045541938808976
2020-11-27,538.0,0.9705529430187878,0.0008102523381062078,0.9156106250147333,0.9702704922677798,1.0270998218586338
2020-11-28,395.0,0.9613713690980986,0.0008024062658467685,0.9065617735852689,0.9610909951728255,1.0176088062586301
2020-11-29,595.0,0.9571602302359965,0.0008054856257484926,0.9022799302629791,0.9568819157964011,1.0134704393353169
2020-11-30,420.0,0.9520191677497305,0.0008099644404930015,0.8968969454876476,0.9517249927435119,1.0091927879461913
2020-12-01,289.0,0.9445027465077505,0.0008145255033554881,0.8893785070469332,0.9442175214108784,1.0012734113272665
2020-12-02,360.0,0.9377786602820681,0.0008192337299329967,0.8826591827373176,0.9374890237354816,0.995118387697468
2020-12-03,300.0,0.9393317193858864,0.0008301293505083268,0.8831854667347023,0.9390302824861683,0.9966991869405548
2020-12-04,232.0,0.9518825394904203,0.0008526808251152322,0.8954717639597052,0.9515836137680487,1.0099920650423226
2020-12-05,441.0,0.9749891601673355,0.0008880396795210728,0.9175327181015499,0.9746881378908705,1.0343456419484758
2020-12-06,481.0,1.007554987395888,0.0009308289437931158,0.9485710262773347,1.007242751346709,1.0686510048669082
2020-12-07,384.0,1.0410667555006714,0.0009709277669081578,0.9810496990181528,1.0407576420987434,1.1028135344178902
2020-12-08,322.0,1.071975507812239,0.0010037143320868666,1.0105023484850542,1.0716593077228254,1.1350080601126327
2020-12-09,353.0,1.099408288835202,0.0010200812189297443,1.0379552442033098,1.0991012035953187,1.1632006396630472
2020-12-10,334.0,1.1200546845913792,0.0010206099184057464,1.0584582635920499,1.1197484339061996,1.183469471070084
2020-12-11,307.0,1.1305574244602552,0.0010086588470614487,1.0694227690107925,1.1302608140413735,1.1940828811970765
2020-12-12,352.0,1.13428681682576,0.000986615338355308,1.0738313306195524,1.133999302736186,1.1964331787362141
2020-12-13,372.0,1.1297908191153692,0.0009494574809991004,1.0700969681605037,1.1295104975357457,1.1906751254146637
2020-12-14,525.0,1.1164741788926271,0.0009084163604231239,1.058191856493151,1.1162022302670647,1.1761329162257468
2020-12-15,275.0,1.0926929760494748,0.0008620078749155867,1.036023424359296,1.0924325417576366,1.1509207003999018
2020-12-16,289.0,1.0583184697562662,0.0008115200843784012,1.0028543464235866,1.0580631131026164,1.1148480946524804
2020-12-17,372.0,1.0135205333678954,0.0007601809741810215,0.9600142083056402,1.0132688013287807,1.0682735110537405
2020-12-18,686.0,0.9623956831729741,0.0007114763870774949,0.910440580061541,0.9621441959081792,1.0156376447965823
2020-12-19,441.0,0.9106638789275686,0.0006711074236514214,0.860799286831246,0.910416857464414,0.9625031248494412
2020-12-20,479.0,0.8669135994788362,0.0006428810362504231,0.8173242444234781,0.866657164000953,0.9179997916215994
2020-12-21,601.0,0.8328917423929662,0.0006298933829303527,0.7842070599274491,0.8326423326507937,0.8826661426425171
2020-12-22,333.0,0.8099089080054056,0.00063197146374254,0.7613907470487438,0.8096489311034039,0.8597903272063954
2020-12-23,434.0,0.7943229145112485,0.0006459775623256826,0.7449030660078065,0.7940487540652668,0.8450079520756035
2020-12-24,495.0,0.7866208097028673,0.0006728204287722356,0.7362186717260317,0.786336141002004,0.8382082029540356
2020-12-25,524.0,0.7850049465483361,0.0007108528603898828,0.7333396906783712,0.7846999972271986,0.838029773666638
2020-12-26,373.0,0.7896932750673624,0.0007608930725915982,0.7369175892893342,0.7893743668993203,0.8445489224966206
2020-12-27,230.0,0.8076161652350854,0.0008265179046945609,0.7518553072260955,0.8072751301439389,0.8651378283600113
2020-12-28,188.0,0.8421207914316493,0.0009150150060372857,0.7837247124790551,0.8417578079630161,0.9023439690079524
2020-12-29,216.0,0.8991541658367141,0.0010358670135542265,0.8371329789510372,0.8987687206022349,0.9634423012335007
2020-12-30,299.0,0.9834686174105465,0.001183194900127208,0.9172555104514059,0.9830658542957755,1.0517795635326528
2020-12-31,554.0,1.082713672810212,0.0013407075533328871,1.0121227558667745,1.0822944856453227,1.1560057239930348
2021-01-01,400.0,1.1814441970603462,0.0014727375951489362,1.1071416896424893,1.1810166960737956,1.2583556906089584
2021-01-02,156.0,1.2527333575499167,0.001548008786041413,1.1769561415353689,1.252328191313072,1.3310136383054814
2021-01-03,208.0,1.2869803787637184,0.0015245663254201997,1.2120263748389675,1.2865958139672364,1.364372740253784
2021-01-04,278.0,1.2833920658983635,0.0014386107282878457,1.2103135613177907,1.2830191268255842,1.3585320070452798
2021-01-05,172.0,1.2629450081051803,0.0013292039350477308,1.191940751237738,1.2625929662422664,1.335332360829146
2021-01-06,269.0,1.2406723024743243,0.0012251792206649187,1.172974535104994,1.2403428911189427,1.3102482808776472
2021-01-07,401.0,1.2209493497768302,0.0011326113007931846,1.1557139972571182,1.2206402143485635,1.2876586495437845
2021-01-08,444.0,1.1942352587908927,0.0010547477908088914,1.1314012080879383,1.1939424442457591,1.2586809994460033
2021-01-09,418.0,1.159484342021714,0.0009749789675205563,1.0991179077696476,1.1592035728379897,1.221467829912215
2021-01-10,492.0,1.1141697121218228,0.0008956291659020217,1.056528666231242,1.1139019678606528,1.1734178636907733
2021-01-11,484.0,1.0640324774454675,0.0008216285355206786,1.0084168831378189,1.0637735362677656,1.1209234565812285
2021-01-12,371.0,1.0147143459542116,0.0007622738198908112,0.9612127562385354,1.0144612598644955,1.06955819714244
2021-01-13,334.0,0.9743153924252245,0.0007196863027004417,0.9222769047386354,0.9740676250532879,1.0277619080982916
2021-01-14,448.0,0.9449400358073352,0.0006920327161663863,0.8941007338260877,0.9446961556720388,0.9968766296516713
2021-01-15,396.0,0.9236618765063271,0.0006796843718725251,0.8734204226568343,0.9234186360767584,0.9755359915528582
2021-01-16,460.0,0.9081915311178256,0.0006790425895689058,0.8576679780231,0.9079446333097319,0.9596611563553277
2021-01-17,488.0,0.8970018995592239,0.0006847830808082445,0.8465180241219172,0.8967526705056355,0.9486203778763505
2021-01-18,421.0,0.8906890035657338,0.0006944409034097314,0.8394712497918568,0.8904253290686677,0.9434817249947305
2021-01-19,298.0,0.8903147407166947,0.0007103773288879303,0.838721824289309,0.8900453438089461,0.9436520654543963
2021-01-20,309.0,0.8962686811795947,0.000734745664816758,0.8435339144222278,0.8959900821187218,0.9505080732662148
2021-01-21,453.0,0.9086252156794624,0.0007685904276356777,0.8549975761231323,0.9083422296377901,0.9634805068519368
2021-01-22,604.0,0.9247111420327578,0.0008049389948058455,0.8698507319252409,0.9244214053785673,0.9811223737194379
2021-01-23,382.0,0.9411900018605179,0.0008405309836374115,0.8852929684113087,0.9408921808900618,0.9987730021709595
2021-01-24,426.0,0.9519321932134492,0.0008691454857691543,0.8949003984527167,0.9516273463728928,1.0100866862888482
2021-01-25,334.0,0.9587831106091009,0.000890559326157178,0.9011231029037198,0.9584632751507884,1.0185784873914798
2021-01-26,178.0,0.9647072996558324,0.0009068994208701114,0.906879380934034,0.9644006805274734,1.0239606346989212
2021-01-27,410.0,0.9700128936251754,0.0009237817875050634,0.9112635418899182,0.9696832555213512,1.0312912785462023
2021-01-28,288.0,0.9867582371744636,0.0009441152189575675,0.9276519161295518,0.986442756605135,1.047647079612236
2021-01-29,359.0,1.0082351672729817,0.0009702678745183321,0.9479852842947565,1.0079133626518064,1.0701522718236356
2021-01-30,483.0,1.0300827866667133,0.0009972587772387397,0.9688886562840358,1.029760127748608,1.0929922945925459
2021-01-31,418.0,1.045068339377142,0.001013132731912525,0.9838129140474507,1.044745688897617,1.1083949624316292
2021-02-01,400.0,1.04946612979225,0.0010143699505654191,0.9884936598325345,1.0491518037292424,1.1123711338109596
2021-02-02,269.0,1.0488549291053229,0.0010031276761809844,0.9874127698629025,1.0485332034419104,1.1120739294025979
2021-02-03,369.0,1.0464205869158452,0.0009915219112795045,0.9852658470842417,1.0460994363449085,1.1093201235774472
2021-02-04,231.0,1.0480051384974176,0.0009795793616308407,0.9872585289584359,1.0476912784123544,1.1104621319259413
2021-02-05,517.0,1.0541260216155588,0.0009734493845230894,0.993337603550014,1.0538194561926484,1.1156803586752617
2021-02-06,362.0,1.0614886409951665,0.0009679916013650223,1.0011669571869808,1.0611846285047255,1.1233326046829322
2021-02-07,378.0,1.0722167142554317,0.0009649126985834364,1.0118670826352814,1.0719154586291657,1.1340814367026324
2021-02-08,394.0,1.086014904835968,0.0009620788687587224,1.0261274279464205,1.0857199563804263,1.1476075551446172
2021-02-09,327.0,1.1052615863606792,0.0009660200458458794,1.0451922930064097,1.1049731697702383,1.1666660098340507
2021-02-10,295.0,1.132154036430006,0.0009726401974768778,1.0720247931908897,1.131866714482391,1.1940568716865243
2021-02-11,366.0,1.1675729434425202,0.0009797930310569518,1.1071404725586478,1.1672915402773387,1.229903841604758
2021-02-12,451.0,1.205069010031019,0.0009782633227347452,1.1444852622206412,1.2047950713215112,1.267444126292148
2021-02-13,466.0,1.2319596154118444,0.000965807970589626,1.1722069211841248,1.2317019167810752,1.2932839426074993
2021-02-14,437.0,1.2544054778008227,0.0009395183479473995,1.1947122098790535,1.2541529994479053,1.3155335484524588
2021-02-15,375.0,1.2723931115708385,0.0009037674012530258,1.214067843812666,1.2721549535755323,1.3321471313451858
2021-02-16,212.0,1.293471920068561,0.000866316068019234,1.2359836202923176,1.2932499864146072,1.3516172999812355
2021-02-17,396.0,1.3166475410332312,0.000831266527090637,1.2604211347694432,1.3164343351969978,1.373785845317792
2021-02-18,547.0,1.3381485929548531,0.000794435771471635,1.2834569048645328,1.3379509359377322,1.3939185998893877
2021-02-19,544.0,1.351726095907059,0.0007465942816082911,1.2982913309963902,1.3515397375534806,1.40609246500853
2021-02-20,594.0,1.3484158715009529,0.0006928422581509654,1.297225719680132,1.3482439963975,1.4005125237712763
2021-02-21,619.0,1.3317900021078,0.0006340682706077425,1.2829292361404503,1.3316312094101965,1.3816077502214998
2021-02-22,714.0,1.3074302759778984,0.000577380489279951,1.260713414734607,1.3072821434371873,1.3550935416605416
2021-02-23,363.0,1.2885205930418058,0.0005277361928120194,1.2435221641262704,1.2883818278034753,1.3342925900188554
2021-02-24,491.0,1.2829038241612456,0.0004897007555915273,1.2397514490571968,1.2827759231303024,1.3266867293101337
2021-02-25,905.0,1.2895805136930198,0.0004626764375720233,1.2478235385748147,1.2894612724355197,1.3320060548892445
2021-02-26,936.0,1.3033953076966447,0.00043967637208794505,1.2628114851352454,1.3032839332907096,1.3446120597830036
2021-02-27,1021.0,1.3164553625341693,0.0004165674838135561,1.2766749094900058,1.3163494677314942,1.35691143095776
2021-02-28,895.0,1.3245944628263144,0.00039194176770200665,1.2860405685199834,1.324495880003822,1.363666848941509
2021-03-01,888.0,1.3244841543667127,0.0003662225880975722,1.28728878920757,1.3243922361119536,1.3622018820226083
2021-03-02,817.0,1.3242717127205141,0.0003408962957950067,1.288152752820745,1.3241850567356939,1.3608831302229534
2021-03-03,743.0,1.3294936503025578,0.00031856927067871956,1.2946609793290302,1.3294134126379105,1.3647835698395276
2021-03-04,1061.0,1.340243512987215,0.000298983402246171,1.3065947303110588,1.3401694501283936,1.3742756648110022
2021-03-05,1313.0,1.3523971029413502,0.00028026899318042616,1.319663246454327,1.3523275185736394,1.3855264008876085
2021-03-06,1486.0,1.3585040318057648,0.0002616616236853598,1.327109542717372,1.3584403471628939,1.3902604348311858
2021-03-07,1538.0,1.357480641968579,0.00024242322932884364,1.3271202766765542,1.3574210638412159,1.3881789765899595
2021-03-08,1676.0,1.349312949265538,0.00022323263207343037,1.3202502877679954,1.3492580457129866,1.378687622648987
2021-03-09,1264.0,1.341395770702864,0.0002051571071196064,1.3135355482423332,1.3413452352643764,1.3694893836632613
2021-03-10,1541.0,1.3368677089101721,0.00018943614790486318,1.3100851588459603,1.3368203018348335,1.3640277250677233
2021-03-11,1979.0,1.3360527623461047,0.00017570303023184403,1.3102479624877126,1.3360090971308052,1.3621057077192829
2021-03-12,2175.0,1.334390360986421,0.00016307904767466408,1.309544068825939,1.334349843396712,1.3594669110071136
2021-03-13,2379.0,1.3272898313618824,0.00015053274183789918,1.303333031333953,1.3272519721572453,1.3514617818990124
2021-03-14,2348.0,1.3124802568604905,0.00013817277237495153,1.2895268618875795,1.3124451202420762,1.335596743213791
2021-03-15,2850.0,1.2922643910804943,0.00012657733763946037,1.2703087893781488,1.2922317482813526,1.3144195243337786
2021-03-16,2258.0,1.2694236382141595,0.00011606489570957509,1.2484027456004934,1.2693931838006298,1.2906176005942793
2021-03-17,2484.0,1.247832316033669,0.00010690593402369012,1.2276590055395533,1.247803562215613,1.2682484883014045
2021-03-18,2801.0,1.2275255387210358,9.902444111844496e-05,1.2081118667011888,1.22749865166801,1.2471045790475968
2021-03-19,3810.0,1.206018946850635,9.19037701197202e-05,1.187323932659572,1.2059936057762668,1.2248981328085615
2021-03-20,4070.0,1.179741175796438,8.532074056405876e-05,1.1617398055853236,1.1797171600138812,1.1978790256165608
2021-03-21,4417.0,1.1483277035913413,7.914272322942796e-05,1.130965280455257,1.1483047528487114,1.165820553808749
2021-03-22,4112.0,1.1170205102128619,7.376145872913995e-05,1.1002229455581092,1.1169983729953856,1.1339492973087748
2021-03-23,3619.0,1.0903570752033702,6.939773098092224e-05,1.074086415260728,1.0903358505060903,1.1067483532635811
2021-03-24,3809.0,1.0686066875386917,6.613132436263184e-05,1.052742266988285,1.068586087129833,1.084592938710119
2021-03-25,4934.0,1.0507451842380622,6.359634516955734e-05,1.03518752379485,1.050725048613887,1.0664172736919668
2021-03-26,5423.0,1.0315674541990176,6.136217016779611e-05,1.0162623035297886,1.0315476043044622,1.046985410101882
2021-03-27,5213.0,1.0079524829457447,5.921872447192553e-05,0.9929011011715657,1.0079328350164871,1.0231155222011803
2021-03-28,5162.0,0.9797591879747336,5.704420034019755e-05,0.9649910075803597,0.9797397269055723,0.9946379639390608
2021-03-29,5398.0,0.9503530019808725,5.514306374661572e-05,0.935845601803267,0.950333687564672,0.9649521006811457
2021-03-30,4986.0,0.9267176356662006,5.39411319826894e-05,0.912366057462372,0.9266982011351672,0.9411796586214588
2021-03-31,2940.0,0.9133470080839581,5.37534314974768e-05,0.8990206650981705,0.9133273563718246,0.9277799464356771
2021-04-01,5032.0,0.9116047595104368,5.4592042583780965e-05,0.897204196187587,0.9115848089623761,0.9261387545850113
2021-04-02,7917.0,0.917705218127696,5.620501961455209e-05,0.9030686028288988,0.9176848007449772,0.9324540675522592
2021-04-03,6753.0,0.9253781510572148,5.801551462738066e-05,0.9104813865592305,0.9253573297952333,0.9403384095835079
2021-04-04,5748.0,0.9294611934271624,5.955291645371281e-05,0.9143715323756488,0.9294397639403997,0.9446726363805704
2021-04-05,3847.0,0.9272799722289808,6.0556795778116696e-05,0.9120617810638323,0.9272581227252231,0.9426038160313283
2021-04-06,3772.0,0.921063167279943,6.127997164183017e-05,0.9058020138067882,0.921041044329926,0.9364500435415166
2021-04-07,3238.0,0.9157989016036874,6.205047831696442e-05,0.9004111244879733,0.91577624443705,0.931326729094283
2021-04-08,4358.0,0.915929589284453,6.329719027444846e-05,0.9003939491340578,0.9159065204351875,0.9315934409121861
2021-04-09,5769.0,0.9210668051525763,6.507873393251818e-05,0.9053402384818099,0.9210433064868735,0.9369397264681052
2021-04-10,5949.0,0.9282055759018715,6.695756573943947e-05,0.9122534077476936,0.9281815459168656,0.9443064878941598
2021-04-11,5617.0,0.9296626893112855,6.849370482693681e-05,0.9134873564232682,0.9296380561753106,0.9459780101416362
2021-04-12,5145.0,0.9217430911593376,6.922769557420993e-05,0.9055085371359086,0.9217178898850842,0.9381761617757807
2021-04-13,3955.0,0.904202007358921,6.918559380729844e-05,0.8879989807173461,0.9041765872538026,0.9205494942103098
2021-04-14,3770.0,0.8817209481765129,6.878528000990665e-05,0.8655173762619773,0.8816948720887187,0.898034875015649
2021-04-15,5365.0,0.8595720234063855,6.861882903891674e-05,0.8434212896719462,0.8595454441286141,0.8758738048102477
2021-04-16,5156.0,0.8431946116603126,6.927397283260966e-05,0.8269397195168497,0.8431671588841028,0.8596055154773836
2021-04-17,4635.0,0.8334622298905854,7.091062982094763e-05,0.817013841169685,0.8334337846684771,0.8500572198354998
2021-04-18,4662.0,0.8282578457683564,7.34218637187197e-05,0.8115237544928686,0.8282282120361402,0.8451603428749461
2021-04-19,3863.0,0.8263577991912427,7.66171697506481e-05,0.8093492490750243,0.8263271092103498,0.8435751303801051
2021-04-20,2799.0,0.8269249638303771,8.030923156721936e-05,0.8094581965980194,0.8268925595021481,0.8446204223813694
2021-04-21,4138.0,0.8300630654325767,8.438577507387375e-05,0.8121942550376037,0.8300290966359285,0.8481856066249354
2021-04-22,4197.0,0.8347232463933805,8.89230034933419e-05,0.8163365319589923,0.8346877150128094,0.8533795503210923
2021-04-23,3491.0,0.8390041373969981,9.361655719818118e-05,0.8201304975069241,0.8389670123805817,0.8580758802268038
2021-04-24,3662.0,0.8397712330933947,9.793825742754743e-05,0.8204922901764526,0.8397322610468139,0.8593025520258156
2021-04-25,2830.0,0.8355152100956844,0.0001017620488506261,0.8158732135378273,0.8354747515840841,0.8553674453053759
2021-04-26,3471.0,0.8266539674431016,0.00010503153035001521,0.8066713335217944,0.8266115449227183,0.8468776845847072
2021-04-27,2912.0,0.8158637045261656,0.00010829154935021993,0.7955731761356776,0.8158193705546571,0.8364061787062598
2021-04-28,2965.0,0.8065235082211772,0.00011213685026198712,0.7859669764347998,0.8064774629602531,0.8273417108666297
2021-04-29,3417.0,0.799645807946618,0.00011672864352476772,0.7786090502174468,0.799597000018994,0.8209922006071
2021-04-30,3039.0,0.7947897398634778,0.0001221019737118026,0.7732953003685128,0.7947386132809855,0.8166079821711991
2021-05-01,3250.0,0.7891941500560502,0.00012791503079791363,0.7671464756664859,0.7891401038929293,0.8115182931139133
2021-05-02,2918.0,0.7810665478831702,0.00013381587191991037,0.7585917037608296,0.7810093892254373,0.8039113065717607
2021-05-03,2399.0,0.7725206644329734,0.0001401151375924002,0.7495335253854718,0.7724598176122995,0.7959676527000901
2021-05-04,1822.0,0.7670878252817037,0.00014773134180499464,0.7434166883351332,0.7670234566605549,0.7911247626368515
2021-05-05,1632.0,0.767506547110827,0.0001574639202622105,0.7431107408244458,0.7674381339569282,0.7922996761283181
2021-05-06,2034.0,0.7768308641664983,0.0001698952223003342,0.7515015046984901,0.7767580208325515,0.8025741848298935
2021-05-07,2303.0,0.7941688048936075,0.0001855071309934721,0.7677777311122035,0.7940908118936598,0.8211072816510547
2021-05-08,1990.0,0.8170086642202026,0.00020303199613085304,0.789323204378181,0.8169258948402331,0.8451593129463726
2021-05-09,1981.0,0.8401684241422414,0.0002213551332314343,0.8113462579694546,0.8400811414566822,0.8694866086742795
2021-05-10,1751.0,0.8602757648562309,0.0002384269129143859,0.8301681914667529,0.8601827143176257,0.8908001241412387
2021-05-11,1207.0,0.8753104766129327,0.00025380654273999165,0.8443191878999393,0.8752129544195324,0.9069514580206857
2021-05-12,1199.0,0.888359587866743,0.00026739650747177943,0.8565793635713048,0.8882591517227527,0.9207819237408297
2021-05-13,1609.0,0.8994927982441356,0.00027998706269060655,0.866988672600139,0.8993889095112342,0.9325325925100014
2021-05-14,1700.0,0.9100637863948777,0.0002918149612533815,0.8767751714770554,0.9099558006627084,0.9440000588698094
2021-05-15,1616.0,0.9204856636151069,0.000303140751415868,0.8864721499591469,0.9203744647468188,0.9549861019512536
2021-05-16,1220.0,0.9314495362072974,0.0003145252135876384,0.897056483474689,0.9313368750444373,0.9662665748857229
2021-05-17,1331.0,0.9446466967199674,0.00032563385529680894,0.9095919277794987,0.9445312958758698,0.9802037906707588
2021-05-18,873.0,0.9618610091723911,0.00033806502303338555,0.9260775981127602,0.9617433212123889,0.9983132281125258
2021-05-19,981.0,0.9846392813946667,0.00035138001930605604,0.9485389819651775,0.9845223029922101,1.0214257481928346
2021-05-20,1354.0,1.0116042032619812,0.0003646555840517102,0.9746421567323188,1.0114848457802428,1.0491926114045003
2021-05-21,1401.0,1.035796821805321,0.0003753693590277606,0.9981609779795525,1.035675979814885,1.0741193976717982
2021-05-22,1421.0,1.0499973619315206,0.00038042621995463367,1.0123071606672787,1.0498778360600869,1.0883668159465842
2021-05-23,598.0,1.0524889914590914,0.00037793664982906116,1.0147897507037893,1.0523696931270337,1.0906973086497462
2021-05-24,1047.0,1.0461297736405855,0.00037161743557306533,1.0086635526985455,1.0460116591429967,1.0842003350266771
2021-05-25,518.0,1.0345124198439635,0.0003633145381641362,0.9975359477774131,1.0343953229425695,1.0721245176338017
2021-05-26,990.0,1.0258128964208675,0.00035549249955707345,0.98903114952135,1.0256963818770046,1.0631983758361123
2021-05-27,1305.0,1.0179080973623973,0.0003490509114925484,0.9814779163075609,1.0177929160090997,1.0549928417528012
2021-05-28,1613.0,1.0068586584333745,0.0003436661607921924,0.9708261520324932,1.00674474104007,1.0436248891686848
2021-05-29,1185.0,0.9889394507941985,0.00033598174236612897,0.9534114315963207,0.988826683880481,1.0251356228234987
2021-05-30,1220.0,0.9617501978886804,0.0003259590216838472,0.9267751869625118,0.9616374609083349,0.9975547023869011
2021-05-31,971.0,0.9305693261385276,0.0003156904216929993,0.8961519181377996,0.9304562471172213,0.9657910554460571
2021-06-01,656.0,0.8996477544175108,0.00030729033996451313,0.8655543277080048,0.8995338626465251,0.9343320595672671
2021-06-02,968.0,0.8780854022980218,0.0003043369285606866,0.8441991937592241,0.877970124442772,0.9126007545730566
2021-06-03,1225.0,0.8676678811374414,0.0003083206667025638,0.8336586728428748,0.8675506856012907,0.9023824030923779
2021-06-04,1113.0,0.8672264209575382,0.00031838354908511764,0.8327749681997785,0.8671062167398225,0.9024648065248464
2021-06-05,1084.0,0.8701569333148034,0.0003315362873653156,0.8349298668125178,0.8700305253553394,0.9061188787427603
2021-06-06,936.0,0.8745564622693895,0.00034500899951702085,0.8385092352206851,0.8744238224728887,0.9114951939412934
2021-06-07,814.0,0.8779149617537988,0.00035829448595838323,0.8411446243084831,0.8777784700714262,0.91546261658732
2021-06-08,478.0,0.8833654387282974,0.0003723025811840467,0.8459719447708358,0.8832251345291551,0.9215562650909801
2021-06-09,869.0,0.8909569278407039,0.00038763259560163816,0.8527534107766449,0.8908129522840152,0.9299417098486167
2021-06-10,1155.0,0.9033402311636491,0.0004056336265337105,0.864217741661782,0.9031903704506117,0.9433734798678648
2021-06-11,853.0,0.9166744207956371,0.00042380915351885,0.8769601980448254,0.9165215359370706,0.957405062281754
2021-06-12,801.0,0.9267086992854121,0.00044009150625830696,0.8860176505973091,0.9265497947683716,0.9683204589705305
2021-06-13,814.0,0.9306671411912808,0.00045193607900534735,0.8891365836106656,0.9305021069346588,0.9728886278916049
2021-06-14,826.0,0.9303724777427121,0.0004605708296069785,0.8888151860100262,0.9302078123549662,0.9728573379407626
2021-06-15,490.0,0.9315974897577748,0.00046981950269793613,0.889666333475932,0.9314299474897948,0.9745519259181568
2021-06-16,558.0,0.9419158200485669,0.0004831928667158624,0.8992438427189375,0.9417443581155237,0.9854397293533737
2021-06-17,953.0,0.9614376253802541,0.0005014932887320636,0.9178226206998203,0.9612610121821994,1.0059602584183307
2021-06-18,765.0,0.9865003958450055,0.0005226592107283627,0.9420600941044266,0.9863217203266422,1.032076700503715
2021-06-19,855.0,1.0067022319709453,0.0005383129150504481,0.9617273601869933,1.0065239204900613,1.0527994423335825
2021-06-20,690.0,1.015017569023974,0.0005473710893818373,0.9697485717509818,1.014837106063903,1.0614735779670479
2021-06-21,576.0,1.01672093445739,0.000548284833961179,0.9713753405891274,1.0165422570816216,1.062888013797798
2021-06-22,395.0,1.0122534226249769,0.0005446478000367285,0.9670521125298466,1.0120755627446572,1.0582431501792926
2021-06-23,586.0,1.0085667909297684,0.0005408016604845748,0.9632593914079632,1.008387315103129,1.0547488065605366
2021-06-24,721.0,1.0096933423878478,0.0005395761515706119,0.9647224735498786,1.0095152415025663,1.0558723234574443
2021-06-25,708.0,1.0182263407074248,0.0005425048559384664,0.973078921472627,1.0180496763337945,1.0642572006955935
2021-06-26,879.0,1.0235408465597455,0.0005441799273052637,0.9782987604538542,1.0233634212346159,1.0697822834924873
2021-06-27,786.0,1.0220290039156037,0.00054102548880083,0.9768634515658283,1.0218555479986369,1.0677200801817657
2021-06-28,678.0,1.012133853746494,0.0005343913790512426,0.9673487030127568,1.011958030745184,1.0580986481466494
2021-06-29,483.0,1.0020540213772344,0.0005260344740977319,0.9575452393120023,1.0018811305432265,1.0473956731979857
2021-06-30,592.0,0.9932820545707514,0.0005185449716535292,0.948978717971884,0.9931057857446719,1.038683336143375
2021-07-01,680.0,0.990035497425628,0.0005167468738700002,0.9458428962405754,0.989859928033267,1.0351891598546574
2021-07-02,657.0,0.9910238547034085,0.0005196096168330186,0.9469958708083881,0.9908518492112404,1.0359617079960393
2021-07-03,702.0,0.994990957147454,0.000523947334761442,0.9507580209065163,0.99481646973348,1.0405879312244184
2021-07-04,788.0,1.0015372040935029,0.0005285159180776608,0.9568360566383081,1.0013610541624094,1.0470643877683927
2021-07-05,638.0,1.0075533549786313,0.00053118383906107,0.9627480308954706,1.0073770746709412,1.0534900747033458
2021-07-06,433.0,1.016002795682693,0.0005350486224684029,0.9710912517235597,1.0158266514551855,1.0618371143775718
2021-07-07,496.0,1.0316746792300853,0.0005412293438918462,0.986371335607874,1.031499685775846,1.0778866145226993
2021-07-08,785.0,1.053117610732511,0.0005523859952574523,1.0074457191509822,1.0529419454790705,1.0995869873111936
2021-07-09,769.0,1.0809508485748665,0.0005638694420866009,1.034756919807976,1.0807774836724011,1.1279140506928784
2021-07-10,732.0,1.1111558191529705,0.0005727028710332889,1.0649783277974474,1.1109841906534843,1.1585221955472043
2021-07-11,659.0,1.1375378673536272,0.0005772450750436079,1.0912436548687712,1.137371080256929,1.184770374009748
2021-07-12,603.0,1.1572199321319152,0.000574035671291943,1.1108963147264646,1.1570557595548778,1.204626123194859
2021-07-13,428.0,1.1714919089169946,0.0005637665811481143,1.1254237215385787,1.1713315755776945,1.2185751613152753
2021-07-14,546.0,1.1823334255489701,0.0005489069799619773,1.1369050107034746,1.1821782599512831,1.228852007136246
2021-07-15,654.0,1.1921440973795117,0.000532063799580362,1.1472569323204098,1.1919957946405189,1.2377029056775597
2021-07-16,864.0,1.2001824981985165,0.00051332888243289,1.156201673484888,1.200040055102503,1.2451172876849812
2021-07-17,802.0,1.2059770492403605,0.0004928788233359397,1.1626927962587508,1.2058401595677162,1.249980598672233
2021-07-18,703.0,1.2101219813298636,0.00047266915067089915,1.1679057381775926,1.20999147908506,1.2532417337586321
2021-07-19,965.0,1.2154700999464514,0.0004531890777796461,1.1739215250893573,1.2153464517798018,1.2574377917423982
2021-07-20,707.0,1.2269488778234847,0.0004361963213800508,1.1864416924387848,1.2268309013156513,1.268248460384788
2021-07-21,856.0,1.2475013979495255,0.000422111270560754,1.2077183812997463,1.2473895411621694,1.2880293677322254
2021-07-22,939.0,1.276258487142504,0.0004101565441757696,1.2368527185248994,1.2761512695362451,1.3162735626449327
2021-07-23,1069.0,1.3056665091839161,0.0003981836222079929,1.2669629359376475,1.3055644498792127,1.3452699190454398
2021-07-24,909.0,1.3289014370119574,0.0003814790058378365,1.2910228615309007,1.328806155676562,1.3673704252173096
2021-07-25,893.0,1.3433464037841325,0.0003595926250549382,1.3062970055699044,1.3432565074406062,1.3809066742182972
2021-07-26,1003.0,1.349801821593775,0.0003366388885052905,1.314280618024263,1.3497196372011915,1.3857900712193376
2021-07-27,716.0,1.3519570165375077,0.0003130905234325914,1.317618830302663,1.351880373213282,1.3867307595352982
2021-07-28,1104.0,1.353932225335823,0.0002903274061935294,1.3208474737579885,1.3538612130213918,1.3874205332453982
2021-07-29,1341.0,1.3530150689236338,0.00026900732001081335,1.321068288800752,1.3529491384580015,1.3852650345703053
2021-07-30,1459.0,1.345372103169196,0.0002474771666198075,1.314705980989452,1.3453107565232232,1.3763868526827214
2021-07-31,1803.0,1.3312292481092507,0.00022681002549344875,1.3018136779964087,1.3311722234269374,1.360968884268778
2021-08-01,1764.0,1.312677669556094,0.00020726888354486104,1.2845822652866998,1.3126250360208238,1.3410596731755464
2021-08-02,2132.0,1.2938600834333323,0.0001899001062303282,1.267014244237257,1.29381124792518,1.3210684116876172
2021-08-03,1429.0,1.2775470834896376,0.00017494060145192126,1.251794971760339,1.277501570518723,1.3035937509050104
2021-08-04,1743.0,1.2652800374113267,0.0001622391671016255,1.2404443974322124,1.2652373217136406,1.2904193405629385
2021-08-05,2098.0,1.2527318646787597,0.00015094418833451416,1.2287294431608724,1.2526918194146515,1.2769130322135311
2021-08-06,2490.0,1.236926824189338,0.00014028064306825257,1.2137850745567889,1.2368886373963441,1.2603663819420654
2021-08-07,2847.0,1.2140185380784851,0.00013012924246796057,1.1918100267234073,1.2139830268539527,1.2364090005768804
2021-08-08,2341.0,1.1865001709171854,0.00012043750394480392,1.1650299217237143,1.1864663949821197,1.2080864552252994
2021-08-09,2419.0,1.1592237095546913,0.00011209593693845411,1.138510455973024,1.1591912200725132,1.1801192895754211
2021-08-10,2195.0,1.1364898846530842,0.00010512107249109432,1.1164386780270301,1.1364589171021455,1.1567002045505528
2021-08-11,3156.0,1.1197838326473755,9.967042248955552e-05,1.1003341219866032,1.1197543074946374,1.1393742619951974
2021-08-12,3741.0,1.1088404112930803,9.540589043658445e-05,1.0897599465270489,1.108811506304431,1.1280642669171033
2021-08-13,3673.0,1.0984018538342426,9.189035972453568e-05,1.0796587091647685,1.098373864794379,1.1172782135476065
2021-08-14,4011.0,1.0834725961517964,8.837861283912026e-05,1.0651697223454646,1.0834455411488642,1.1019561419393658
2021-08-15,3655.0,1.0646055624022677,8.481422414149134e-05,1.0466544914570766,1.0645790884014605,1.0827031118487969
2021-08-16,4129.0,1.0448209381066165,8.15371317744426e-05,1.0271972386753143,1.0447949260986156,1.062592461497516
2021-08-17,2417.0,1.0304906443745088,7.90935154212751e-05,1.0131399870252125,1.0304650818073997,1.0479865715507342
2021-08-18,2989.0,1.0268441049333248,7.77572554020085e-05,1.0096277185652172,1.0268188479302158,1.044204024636087
2021-08-19,4394.0,1.0332188237506243,7.759058330655377e-05,1.016038024686618,1.0331938280061912,1.0505416714413116
2021-08-20,4670.0,1.0465519652508068,7.823149174705191e-05,1.0293072386434792,1.0465271058906245,1.0639379654274128
2021-08-21,4467.0,1.059846604055859,7.859992520914698e-05,1.0424821895239185,1.0598218242451445,1.0773141378748425
2021-08-22,4007.0,1.0680450097688605,7.841807739546289e-05,1.0507530472242332,1.068020520630931,1.085476141946443
2021-08-23,4880.0,1.0693878923830167,7.743909141251867e-05,1.0522109064516052,1.0693637596950607,1.0867020222751844
2021-08-24,2835.0,1.0667124790961002,7.607356748636407e-05,1.0497012899926208,1.0666887518493793,1.0838721870074144
2021-08-25,3668.0,1.0661658833891405,7.47336873506583e-05,1.0492956302525198,1.0661425373556686,1.0831688100010672
2021-08-26,4311.0,1.0705324134936576,7.380064083246249e-05,1.0537602651764582,1.0705094341018977,1.0874351516953795
2021-08-27,4969.0,1.0788074999650852,7.31374671524967e-05,1.0621231060476797,1.0787849372346765,1.0956200520952515
2021-08-28,5172.0,1.0869710604246117,7.244345854144198e-05,1.0703597366588289,1.0869488647822578,1.1037085201002181
2021-08-29,4961.0,1.0902180510590247,7.134617159721145e-05,1.073701047575895,1.0901961735556442,1.1068593824974544
2021-08-30,5608.0,1.0878459744233295,6.975964409092878e-05,1.0715397858891147,1.0878246070213071,1.1042735920530018
2021-08-31,3590.0,1.080866625673955,6.790792315009136e-05,1.064792546004478,1.080845727763001,1.0970698681972086
2021-09-01,4149.0,1.0736955013182543,6.60294759122327e-05,1.0578109629081383,1.073674959477331,1.0896738254750669
2021-09-02,5099.0,1.0664838697795083,6.430738748581372e-05,1.0508346030921851,1.0664637983176195,1.0822643606575022
2021-09-03,5341.0,1.0598738272683008,6.27528439127991e-05,1.0443873337755798,1.0598541064711233,1.0754500185830622
2021-09-04,6028.0,1.0491476545465634,6.110684870422643e-05,1.0338818075416014,1.0491282401391053,1.0645288882334434
2021-09-05,5098.0,1.032939662135807,5.932757774114017e-05,1.0179446854056635,1.0329207092731045,1.048013879627642
2021-09-06,6293.0,1.0101891466933597,5.7259023801567896e-05,0.9953986578474943,1.0101702188786943,1.025075050788349
2021-09-07,4770.0,0.982086352031272,5.512464321959461e-05,0.9675860601558699,0.9820676654754092,0.9967150220477239
2021-09-08,4654.0,0.9530057798643372,5.328559720672517e-05,0.9387619024996916,0.9529871690491722,0.9673554208804828
2021-09-09,6702.0,0.9254400418067382,5.191103958999744e-05,0.9113475906718376,0.925421279328478,0.939639118478365
2021-09-10,4395.0,0.9003214476190229,5.101955546909211e-05,0.886356524449983,0.9003025047132238,0.9143946663454376
2021-09-11,9031.0,0.8770832486350456,5.0580222758841504e-05,0.8632225430721436,0.8770640919462538,0.8910528199924652
2021-09-12,5635.0,0.8551167011375724,5.053216515967615e-05,0.841250668844843,0.8550970331822387,0.8690945047031517
2021-09-13,5811.0,0.8336254168477399,5.0785195068525076e-05,0.8197108239055906,0.8336050954626757,0.8476466668322578
2021-09-14,5013.0,0.8133292875941605,5.1431417199394554e-05,0.7993303119814354,0.8133081812216263,0.8274543990093927
2021-09-15,4445.0,0.7968340572587265,5.2616498051918866e-05,0.7826917343295601,0.7968120844019049,0.8111352477938525
2021-09-16,5894.0,0.7869221728819895,5.460669880407411e-05,0.7725062685210702,0.7868990474856974,0.8014694968190081
2021-09-17,5159.0,0.7841644252113665,5.7445758572768575e-05,0.7693647530496526,0.7841399596726639,0.7991031328500817
2021-09-18,5069.0,0.7870555617876094,6.105642063867322e-05,0.7718335807965804,0.7870297690985382,0.8024241203242232
2021-09-19,4700.0,0.7930234390122344,6.525436519611176e-05,0.7772797184061184,0.7929959478778106,0.8089521241467179
2021-09-20,4975.0,0.7994253884943632,6.975527507224478e-05,0.783157166353338,0.7993963869376706,0.8158497242721174
2021-09-21,3286.0,0.8053161456816852,7.439879936263781e-05,0.7885172933352326,0.8052852561083013,0.8223458207025611
2021-09-22,3594.0,0.8101739770401644,7.907524207317423e-05,0.7928080339640965,0.8101414478290999,0.8277077415602604
2021-09-23,4455.0,0.8133145054690374,8.370919121029388e-05,0.7954776592035493,0.81328015883889,0.8313320700783163
2021-09-24,4435.0,0.8140947865398301,8.826264952562976e-05,0.7957135086434614,0.8140586160260914,0.8326188582952847
2021-09-25,2364.0,0.8108579145899094,9.25155806060073e-05,0.7921224060396674,0.8108199160177229,0.8298093655126222
2021-09-26,5587.0,0.8025923876477121,9.632283090599974e-05,0.7834807229428331,0.8025524264745,0.8219311479800122
2021-09-27,3069.0,0.7896070331829499,9.977735252635158e-05,0.7701938257666743,0.7895651065977721,0.8092874442512354
2021-09-28,2824.0,0.7753556074352217,0.00010331848405817611,0.7555825482460521,0.7753108334457032,0.7954526237157593
2021-09-29,2985.0,0.7642418924260961,0.00010770170315155458,0.7439981982502406,0.7641947437067196,0.7846978383189026
2021-09-30,3232.0,0.7583134259048638,0.00011352590469226347,0.7376078530900363,0.7582635964050555,0.7793225593316875
2021-10-01,3884.0,0.7581545785220773,0.00012096311660014642,0.7367625018357578,0.758101693599398,0.7798522392743841
2021-10-02,2846.0,0.7617454233221788,0.00012989465213514902,0.7395790835132187,0.761688700204108,0.7842948228853784
2021-10-03,2973.0,0.7665030478767358,0.00013994041989036994,0.7434365305075376,0.7664419025766009,0.789823507438429
2021-10-04,1826.0,0.7696383271964231,0.0001501836202174139,0.7458534779256385,0.7695736269713179,0.7937697276134302
2021-10-05,1730.0,0.7708724633846102,0.0001608228530347188,0.7462142118455375,0.770802917355747,0.7958332550956715
2021-10-06,1894.0,0.7739950395803722,0.0001720763687274604,0.7484970952673351,0.7739213319822347,0.7999370366594862
2021-10-07,1731.0,0.7806083455080974,0.00018501220793808455,0.7542016808838713,0.7805294589960786,0.8074500998866727
2021-10-08,1794.0,0.7922581958063116,0.0001996815892622422,0.7647669465380929,0.792174356031623,0.8202742447012138
2021-10-09,1983.0,0.8046695461180282,0.00021564087795745203,0.776039154040387,0.8045795633695263,0.8338113005758243
2021-10-10,2766.0,0.8127035622698423,0.00023080167652263678,0.7831702701688577,0.8126087240017439,0.8427758100523463
2021-10-11,1413.0,0.813257144761026,0.00024413005022745708,0.782941699253886,0.8131580428300675,0.8441632158742344
2021-10-12,1870.0,0.8066039932433322,0.0002547781120608312,0.775494926277909,0.8064978488568773,0.8382880901339147
2021-10-13,1245.0,0.796183924613356,0.0002644171427267213,0.7646850927072406,0.796073622987269,0.8283095882825606
2021-10-14,1543.0,0.7891145837985082,0.0002760138336706439,0.7570430940832692,0.7889995204766015,0.8218316353172466
2021-10-15,1372.0,0.7877932998613932,0.00029152047757229435,0.754774841337765,0.7876690315133282,0.8216433960230245
2021-10-16,1412.0,0.7978567087746231,0.0003126004273102626,0.763665026926877,0.7977275076074164,0.8326894923443386
2021-10-17,1148.0,0.816940693478333,0.00033876661516421005,0.7812663625334695,0.8168023867961653,0.8535151965835218
2021-10-18,1130.0,0.8397654214647914,0.0003689426712486359,0.8022836550233443,0.8396198349947459,0.8775923019856509
2021-10-19,714.0,0.8634452827967621,0.00039883175774600965,0.8244698719688074,0.8632887095601034,0.9032089549157059
2021-10-20,629.0,0.8816160689073017,0.0004255486716838572,0.8415638236757511,0.8814545281296241,0.9225863306940011
2021-10-21,822.0,0.893297810744121,0.00044747769914422954,0.8523516887350571,0.8931314342029166,0.9351769439614285
2021-10-22,1004.0,0.8966208563048111,0.00046415752358937046,0.8548693341696739,0.8964483735950133,0.9396269218977942
2021-10-23,1192.0,0.8895184420404478,0.00047436634891226523,0.8473357415164319,0.8893415155259481,0.9326064814286696
2021-10-24,1000.0,0.8720317238522068,0.0004779321256213419,0.8297902023474041,0.8718486292157086,0.9153783660565709
2021-10-25,825.0,0.8438929683249198,0.00047604306657972654,0.801684565618699,0.8437061184560734,0.8870505519755711
2021-10-26,1077.0,0.8088578085018652,0.0004713322433700782,0.7666829911416233,0.8086621402779735,0.8521195649046271
2021-10-27,570.0,0.7729258356744394,0.00046794410176120285,0.7310753358817983,0.7727268127868946,0.8156784193381056
2021-10-28,1286.0,0.7411241191241141,0.00046979574469629634,0.6992961937234418,0.74091213212339,0.783925104241082
2021-10-29,659.0,0.7200686691159646,0.00048464467829634406,0.6775741014449166,0.7198455437432492,0.7637021515529834
2021-10-30,617.0,0.7132702112433855,0.0005150497139280216,0.6693295062680605,0.7130335620204877,0.7584347920973855
2021-10-31,573.0,0.7212743506109247,0.000562949085689893,0.675570600206898,0.7210113587007936,0.7685583612064202
2021-11-01,533.0,0.7452965490189185,0.0006307756355017448,0.6965413851914101,0.7450165129537913,0.7951323590305601
2021-11-02,445.0,0.7844765414781607,0.0007222996245773957,0.7325928370811488,0.784169349033341,0.8380664323885232
2021-11-03,235.0,0.8402089404218358,0.0008360242532102291,0.7851603795767528,0.8398786577926528,0.8976483154819239
2021-11-04,348.0,0.90618206938581,0.0009608763348206743,0.8466214776164593,0.9058308575158229,0.9677380233293846
2021-11-05,388.0,0.9712939673606296,0.0010830905683177443,0.907936629671724,0.9709226544484697,1.0369921116617453
2021-11-06,457.0,1.025509807390989,0.0011719371656232088,0.9595705926469247,1.0251262093505682,1.0940420871571244
2021-11-07,410.0,1.055541540090881,0.0012168283838038605,0.988223244546947,1.0551605212255382,1.1247614199027334
2021-11-08,376.0,1.0605471676235876,0.001222169380787403,0.9929153155953456,1.0601666983116804,1.1301291032774796
2021-11-09,307.0,1.0442189411049236,0.0011900132856658974,0.9775179617334067,1.043840698762942,1.1128272827581238
2021-11-10,548.0,1.0137042890906847,0.0011376685486101138,0.9481708529992681,1.013323375741647,1.0814899734976087
2021-11-11,449.0,0.9778942146855716,0.0010820528116628147,0.9139731246289147,0.9775247852917509,1.0437596581189776
2021-11-12,419.0,0.9389550960502009,0.001033552942518714,0.8766934056353344,0.9385900833249734,1.0029239130150893
2021-11-13,511.0,0.8968611059731307,0.0009908464762409092,0.8360583742362713,0.8964919392505566,0.9596748140925622
2021-11-14,403.0,0.8537873983360627,0.0009580062697589489,0.7943183981953513,0.8534159081572809,0.9157056312459996
2021-11-15,311.0,0.8091546912568874,0.0009302031941270661,0.7510222941125267,0.8087640426655252,0.870615201787807
2021-11-16,203.0,0.7696748851409727,0.0009173870365269768,0.7113493873645973,0.7692724045747725,0.8302707130362409
2021-11-17,303.0,0.7371492321086406,0.0009245643425652103,0.6784800114297489,0.7367215579541756,0.7979771489705161
2021-11-18,220.0,0.7133277420095863,0.0009540940297898008,0.6538869143487855,0.7128776766077399,0.7750488441527852
2021-11-19,410.0,0.7001577188989034,0.001005020507630293,0.6395029437190642,0.6996819840037803,0.7637726737294166
2021-11-20,296.0,0.6918276902738173,0.0010753696343911883,0.6287422628709081,0.6912874568156314,0.7575900796255086
2021-11-21,420.0,0.6840168307825802,0.0011579933249288646,0.6191038880187967,0.6834515395949181,0.7521917979170618
2021-11-22,173.0,0.6725537928176413,0.001242828621426855,0.6052284523769194,0.6719379960403729,0.7433333933436298
2021-11-23,313.0,0.657417191463026,0.001331322195628351,0.5877644705169413,0.6567195000744851,0.73190356088149
2021-11-24,225.0,0.6408771574138841,0.0014309297797971833,0.5697011053698388,0.6401658464628127,0.7174686404918192
2021-11-25,186.0,0.6293476489563108,0.0015561411634884802,0.5543781821166376,0.6285413127365251,0.70889947397207
2021-11-26,188.0,0.6271138336044468,0.0017197138809135503,0.54858494570373,0.6262117095853863,0.7108952477965722
2021-11-27,163.0,0.6395731395219393,0.0019616538825167978,0.5557777486822908,0.6385151201609827,0.7297506786378604
2021-11-28,163.0,0.6645150718421513,0.002285687577223797,0.5753373179157142,0.6633783612689805,0.7629014544338699
2021-11-29,152.0,0.705523002893974,0.002717243708558841,0.6068356799929292,0.7042337814322548,0.8108114293439743
2021-11-30,69.0,0.7556937127136929,0.003230113050378669,0.6485810152097178,0.7542416675701118,0.8711872284319921
2021-12-01,108.0,0.8076297020231702,0.0037869298670574533,0.6917333048753902,0.8060872185845147,0.9326553746681605
2021-12-02,107.0,0.8642601439950266,0.004353107548162222,0.7395365266370323,0.8625790830569751,0.9986483284082934
2021-12-03,97.0,0.9154061904831925,0.004872284326609749,0.7834137790023432,0.9136662675051412,1.0570342561322579
2021-12-04,116.0,0.9587389225574366,0.005356747615115863,0.8209944681815751,0.9570041476415064,1.1059054978674185
2021-12-05,118.0,0.9964151542784803,0.0056903305499747345,0.8522996924399178,0.9945312705943268,1.1496773862501741
2021-12-06,100.0,1.026375986745854,0.005965174944897494,0.881411603049085,1.0244296766469605,1.1804118376976138
2021-12-07,68.0,1.051653043930552,0.006142697108454702,0.9030345033196675,1.0496291604310297,1.2122602902791249
2021-12-08,97.0,1.0709483933264308,0.006271102628193694,0.9229758098631198,1.068979499420486,1.2323149745325974
2021-12-09,121.0,1.078353208869761,0.006274420088362136,0.9285317299821796,1.0765172941263415,1.2376856462570098
2021-12-10,62.0,1.0799154409352738,0.0062105512877710985,0.9342619505888818,1.078005351861124,1.238254455055875
2021-12-11,82.0,1.0774780048083947,0.006112593318693134,0.9300074501571192,1.0755912040924471,1.2349673044708933
2021-12-12,88.0,1.0779881233564104,0.005977840873471722,0.9325516806725991,1.0761534014228358,1.2341288284126322
2021-12-13,63.0,1.093902461887069,0.005960672240709114,0.9471684973465546,1.0919946728155718,1.2499712123403435
2021-12-14,54.0,1.1397413114307713,0.006075934115039956,0.99198844529021,1.1379106764686688,1.2990059484840986
2021-12-15,44.0,1.2267021522086945,0.006388839818744571,1.0729574943416567,1.2249698450754087,1.3890805007948235
2021-12-16,87.0,1.3396055462723846,0.006797815411343275,1.1849474863712306,1.3379602384374083,1.5057606035731959
2021-12-17,170.0,1.487804733314614,0.007207501676834687,1.3265519716729561,1.4861686296141743,1.6603286935158772
2021-12-18,64.0,1.7064500844289905,0.007700002071097129,1.537987567640312,1.704941603852196,1.8839850767405781
2021-12-19,55.0,2.063989070965527,0.008436489404064341,1.8885814574486979,2.0626490707507616,2.246128936763551
2021-12-20,58.0,2.6304379940860487,0.009427771348340604,2.443630244015892,2.629207472884036,2.8243805576568644
2021-12-21,40.0,3.380788814864288,0.009996054086216241,3.1874730608265844,3.3798014878906333,3.579216537064438
2021-12-22,71.0,4.058935888402214,0.009259654636491319,3.872423751087182,4.058173190749697,4.252128361343201
2021-12-23,90.0,4.391736180007442,0.00711723905692061,4.227585716621556,4.3911872817376265,4.559967343322786
2021-12-24,124.0,4.349520050555595,0.004738859199038166,4.21627411758842,4.349162235294052,4.485036665636935
2021-12-25,190.0,4.133221545740424,0.0029675361025189913,4.027203160667444,4.132983278114443,4.240430769140339
2021-12-26,218.0,3.91545063458552,0.0018611415672109117,3.8312421305551565,3.9152917938574334,4.000561816003009
2021-12-27,119.0,3.737748574278519,0.0011995592057639697,3.670171932107304,3.7376413813882,3.806003643210056
2021-12-28,165.0,3.5768348258275227,0.0007887598854034851,3.5221349398092032,3.57676168607761,3.6319764453937218
2021-12-29,565.0,3.441636417686259,0.0005283737189397443,3.3966917927670703,3.441585156805255,3.4868494461059325
2021-12-30,1100.0,3.179783559347948,0.00034402954953687,3.143552724867922,3.17974753516131,3.2162191162257887
2021-12-31,1964.0,2.8094307234405784,0.00021724431517025254,2.7806135787411153,2.809404944002927,2.8383943705100796
2022-01-01,2535.0,2.3855708622048386,0.00013488945372570183,2.3628161012744133,2.3855519393427036,2.408424113453618
